789,//192.168.0.10/static/img/789,789,01/10/19,set of 4 fish plates,event,0,49.99,1,FAUX
790,//192.168.0.10/static/img/790,790,01/10/19,Beautiful vintage cage chandelier in bronze dripping with elegant droplets,event,0,299.99,1,FAUX
791,//192.168.0.10/static/img/791,791,01/10/19,antique french folding screen,event,0,499,1,FAUX
792,//192.168.0.10/static/img/792,792,01/10/19,antique french mantle clock,event,0,115,1,FAUX
793,//192.168.0.10/static/img/793,793,01/10/19,vintage french plate bird of paradise,event,0,14.99,1,FAUX
794,//192.168.0.10/static/img/794,794,01/10/19,palm leaf wall light,event,0,349,1,FAUX
795,//192.168.0.10/static/img/795,795,01/10/19,virgin mary print,event,0,95,1,FAUX
796,//192.168.0.10/static/img/796,796,01/10/19,pair tie backs bronze 19th,event,0,49.99,1,FAUX
797,//192.168.0.10/static/img/797,797,01/10/19,vintage bronze lampe with shade,event,0,149.99,1,FAUX
798,//192.168.0.10/static/img/798,798,01/10/19,provance fabric Olivades,event,0,120,1,FAUX
799,//192.168.0.10/static/img/799,799,01/10/19,wooden pediment carved ribbons,event,0,149.99,1,FAUX
800,//192.168.0.10/static/img/800,800,01/10/19,Vintage Italian wheat chandelier in gold tole farmhouse style corn light,event,0,165,2,FAUX
801,//192.168.0.10/static/img/801,801,01/10/19,bronze cage light with shades,event,0,145,1,FAUX
802,//192.168.0.10/static/img/802,802,01/10/19,little girl print,event,0,95,1,FAUX
803,//192.168.0.10/static/img/803,803,01/10/19,bronze tie backs rose motifs,event,0,85,1,FAUX
804,//192.168.0.10/static/img/804,804,01/10/19,19th century vide poche bronze,event,0,135,1,FAUX
805,//192.168.0.10/static/img/805,805,01/10/19,bronze pediment rose motifs,event,0,195,1,FAUX
806,//192.168.0.10/static/img/806,806,01/10/19,ironstone pitcher white blue,event,0,165,1,FAUX
807,//192.168.0.10/static/img/807,807,01/10/19,pair bronze roccoco wall lights,event,0,175,1,FAUX
808,//192.168.0.10/static/img/808,808,01/10/19,pair tie backs leaf floral garlands,event,0,115,1,FAUX
809,//192.168.0.10/static/img/809,809,01/10/19,dahlia bowl longwy,event,0,115,1,FAUX
810,//192.168.0.10/static/img/810,810,01/10/19,pair finials repousse brass,event,0,79.99,1,FAUX
811,//192.168.0.10/static/img/811,811,01/10/19,blue flowers tole light,event,0,139,1,FAUX
812,//192.168.0.10/static/img/812,812,01/10/19,spelter christ redeemer,event,0,175,1,FAUX
813,//192.168.0.10/static/img/813,813,01/10/19,tureen art nouveau carnations,event,0,169.99,1,FAUX
814,//192.168.0.10/static/img/814,814,01/10/19,champagne bucket,event,0,39.99,1,FAUX
815,//192.168.0.10/static/img/815,815,01/10/19,pair candle sconces,event,0,140,1,FAUX
816,//192.168.0.10/static/img/816,816,01/10/19,wrought iron table candle ,event,0,249,1,FAUX
817,//192.168.0.10/static/img/817,817,01/10/19,copper round bottom pan,event,0,89,1,FAUX
818,//192.168.0.10/static/img/818,818,01/10/19,pair glass droplet wall lights,event,0,275,1,FAUX
819,//192.168.0.10/static/img/819,819,01/10/19,pair splter figure,event,0,165,1,FAUX
820,//192.168.0.10/static/img/820,820,01/10/19,3 arm table lamp with shades,event,0,139,1,FAUX
821,//192.168.0.10/static/img/821,821,01/10/19,Set 6 bowls strasbourg,event,0,195,1,FAUX
822,//192.168.0.10/static/img/822,822,01/10/19,Set 6 plates strasbourge,event,0,180,1,FAUX
823,//192.168.0.10/static/img/823,823,01/10/19,jardiniere strasbourge,event,0,285,1,FAUX
824,//192.168.0.10/static/img/824,824,01/10/19,montgolfiere ,event,0,295,1,FAUX
825,//192.168.0.10/static/img/825,825,01/10/19,pair 1900s prints,event,0,565,1,FAUX
826,//192.168.0.10/static/img/826,826,01/10/19,angel and children prin,event,0,85,1,FAUX
827,//192.168.0.10/static/img/827,827,01/10/19,wooden lamp and shade,event,0,95,1,FAUX
828,//192.168.0.10/static/img/828,828,01/10/19,wooden letter rack,event,0,65,1,FAUX
829,//192.168.0.10/static/img/829,829,01/10/19,opaline lamp and shade,event,0,89,1,FAUX
830,//192.168.0.10/static/img/830,830,01/10/19,copper mixing bowl,event,0,99,1,FAUX
831,//192.168.0.10/static/img/831,831,01/10/19,set of mini copper pans,event,0,79,1,FAUX
832,//192.168.0.10/static/img/832,832,01/10/19,embroided sampler,event,0,225,1,FAUX
833,//192.168.0.10/static/img/833,833,01/10/19,denby arabesquecasserole,event,0,65,1,FAUX
834,//192.168.0.10/static/img/834,834,01/10/19,pair bronze roccoco candelabra,event,0,349,1,FAUX
835,//192.168.0.10/static/img/835,835,01/10/19,candle holder with snuffer,event,0,55,1,FAUX
836,//192.168.0.10/static/img/836,836,01/10/19,french wash basin,event,0,110,1,FAUX
837,//192.168.0.10/static/img/837,837,01/10/19,st armand ironstone bowl,event,0,12.99,1,FAUX
838,//192.168.0.10/static/img/838,838,01/10/19,st armand ironstone plate,event,0,12.99,1,FAUX
839,//192.168.0.10/static/img/839,839,01/10/19,embroidered pelmet,event,0,475,1,FAUX
840,//192.168.0.10/static/img/840,840,01/10/19,pair bronze pulls,event,0,39.99,1,FAUX
841,//192.168.0.10/static/img/841,841,01/10/19,pair glass droplet wall lights,event,0,110,1,FAUX
